1,0.656592,0.594533,1.353715,2.018140,0.977762,-0.029083,-0.704928,-0.922329,-0.922329,-0.683723,23.732121,5.593184
2,0.942666,1.270111,1.472697,1.243478,0.061016,-0.688887,-1.256089,-1.301188,-1.301188,-0.743517,23.821138,8.035274
3,-0.888206,-0.869219,-1.025921,-1.432628,-0.397357,-0.217599,0.190708,1.287683,1.287683,0.631744,11.261125,-0.377603
4,-0.830991,-0.531430,-0.490503,-0.446694,0.152691,1.573298,1.706401,1.161396,1.161396,0.512156,16.455641,-0.517426
5,2.029746,1.270111,0.401861,0.327968,-0.580706,-1.725722,-1.118299,-1.427475,-1.427475,-0.982693,24.081840,15.468182
6,0.427733,0.256744,1.115751,1.313902,1.436135,-0.029083,-0.153767,-0.038324,-0.038324,-0.444547,23.590838,2.777723
7,1.400384,1.382708,0.520842,0.187120,0.152691,-1.160176,-0.980509,-1.238045,-1.238045,-1.341457,24.003930,13.296820
8,-1.345924,-1.319605,-1.204393,-1.291781,-1.405777,-0.217599,0.535184,0.277392,0.277392,1.767829,2.475511,-0.084681
9,1.057095,0.988620,1.710660,1.102630,-0.580706,-0.406114,-0.636033,-1.048616,-1.048616,-1.401251,23.899812,10.120737
10,0.999880,1.382708,1.353715,0.609663,0.152691,-0.311856,-1.118299,-1.238045,-1.238045,-1.221869,23.910950,10.645679
11,0.542163,0.425639,0.580333,1.384326,0.886087,0.253690,-0.084872,0.024819,0.024819,-0.384753,23.547333,2.476724
12,-0.029985,0.313042,0.104406,0.609663,1.344460,0.819237,0.672974,0.340535,0.340535,0.033804,23.477127,-0.159207
13,1.228739,1.213813,1.115751,1.032206,-1.864150,-0.971661,-1.187194,-0.922329,-0.922329,-1.221869,23.931206,11.164079
14,0.484948,0.313042,0.818297,0.750511,0.244365,1.856072,0.466289,0.529964,0.529964,-0.863105,23.485823,-0.055976
15,-1.059850,-1.150710,-1.263884,-1.150933,0.061016,0.065175,0.948555,0.908824,0.908824,0.153392,11.825517,-0.397143
16,-0.830991,-0.700325,-0.906939,-1.010085,-0.305682,0.347948,1.017450,1.413969,1.413969,0.930714,12.908148,-0.418497
17,0.427733,0.538235,0.937279,1.313902,-0.672380,0.347948,-0.153767,-0.290897,-0.290897,-0.564135,23.511824,1.130822
18,0.828236,0.369340,1.234733,1.525173,1.069437,-0.029083,-1.393879,-0.732900,-0.732900,-1.162075,23.721894,5.198928
19,1.228739,1.495304,1.234733,0.609663,-0.305682,-0.217599,-1.256089,-1.490618,-1.490618,-1.341457,23.976883,12.283198
20,0.771022,1.157515,1.829642,1.454750,-0.030658,-0.500372,-1.876145,-0.985472,-0.985472,-1.162075,23.846877,9.106396
21,-0.373273,-0.475132,-0.133557,-1.150933,0.611064,1.761814,1.086345,0.845680,0.845680,0.571950,17.887302,-0.585301
22,-1.231494,-1.375903,-1.382866,-1.010085,-0.947404,-0.500372,0.535184,0.845680,0.845680,0.811126,5.639509,-0.209122
23,0.942666,1.495304,1.115751,0.539240,-0.122333,-0.500372,-1.118299,-0.922329,-0.922329,-1.281663,23.877410,9.633122
24,0.656592,0.763428,1.829642,1.525173,-0.397357,-0.500372,-1.187194,-0.796043,-0.796043,-1.281663,23.822249,8.275316
25,1.343169,1.495304,0.104406,0.609663,-0.122333,-0.783145,-1.118299,-1.743191,-1.743191,-1.401251,23.974672,12.364752
26,-1.231494,-1.375903,-1.204393,-0.798814,-0.489031,-0.406114,0.328499,1.477112,1.477112,0.870920,7.459710,-0.280290
27,1.114310,0.763428,1.115751,0.609663,-0.122333,-0.029083,-1.324984,-1.301188,-1.301188,-1.461045,23.914976,10.622956
28,1.285954,1.157515,1.353715,0.539240,0.152691,-0.971661,-1.118299,-1.553761,-1.553761,-1.341457,23.931174,11.250738
29,0.370518,1.044918,1.234733,1.595597,1.252786,-0.500372,-0.704928,-0.796043,-0.796043,-0.863105,23.749208,5.984863
30,0.427733,-0.306238,0.223388,0.680087,0.061016,1.761814,0.397394,0.024819,0.024819,0.512156,22.536391,-0.817075
31,1.400384,1.382708,1.234733,0.609663,-0.214007,-0.217599,-1.462774,-1.238045,-1.238045,-1.221869,23.918264,11.097860
32,-0.716562,-0.981816,-1.263884,-1.010085,-1.222428,0.065175,0.259603,1.350826,1.350826,1.528653,7.928840,-0.291879
33,0.256089,0.313042,0.223388,0.961783,1.802833,1.761814,0.328499,0.466821,0.466821,0.512156,23.434831,-0.303683
34,-0.544917,-0.812921,-0.312030,-0.446694,0.702738,1.950329,1.706401,1.287683,1.287683,0.631744,16.327091,-0.518281
35,1.514813,1.495304,1.234733,0.680087,0.244365,-0.406114,-1.118299,-1.364332,-1.364332,-1.341457,23.930130,10.735292
36,-1.231494,-0.700325,-0.966430,-1.150933,-0.397357,-0.217599,0.535184,0.529964,0.529964,1.648241,3.972280,-0.145139
37,1.114310,1.720497,0.758806,0.539240,-0.489031,-1.914238,-0.911613,-0.985472,-0.985472,-1.281663,23.968703,12.230509
38,0.599377,1.439006,1.056260,0.609663,-0.122333,-0.029083,-1.462774,-0.922329,-0.922329,-1.401251,23.913590,10.646977
39,0.828236,0.819726,1.294224,1.877293,1.161111,-0.217599,-0.842718,-0.985472,-0.985472,-0.982693,23.763879,6.620096
40,0.542163,-0.249940,0.699315,1.313902,1.711159,1.761814,0.052918,-0.606613,-0.606613,-0.324959,23.431048,-0.317747
41,0.484948,0.538235,0.401861,0.468816,0.061016,1.479041,0.948555,0.529964,0.529964,0.512156,23.095301,-0.738769
42,1.285954,1.326409,1.413206,1.313902,-0.397357,-0.217599,-0.911613,-1.238045,-1.238045,-1.281663,23.860027,9.145790
43,-1.403138,-1.094412,-0.966430,-1.855171,-1.039079,-0.406114,0.328499,1.287683,1.287683,0.930714,7.691111,-0.278639
44,1.285954,1.776795,0.461352,-0.305847,-0.672380,-0.594630,-1.049404,-1.301188,-1.301188,-1.162075,24.015271,13.781898
45,0.771022,0.369340,1.591678,0.750511,-0.397357,-0.594630,-1.600565,-1.553761,-1.553761,-1.162075,23.847257,8.795134
46,-0.773776,-0.587729,-0.787957,-0.305847,0.244365,1.196267,1.361925,1.161396,1.161396,0.751332,19.038022,-0.634310
47,1.686457,1.326409,0.401861,-0.446694,-0.672380,-1.537207,-1.187194,-0.922329,-0.922329,-1.281663,24.089091,15.768372
48,-1.174280,-1.319605,-0.609484,-0.869237,-0.030658,0.253690,1.568611,1.161396,1.161396,0.870920,15.218097,-0.482727
49,-0.830991,-1.263307,-0.966430,-0.939661,-0.855729,0.347948,0.672974,1.919115,1.919115,1.708035,8.175614,-0.304939
50,-1.002635,-0.925518,-1.739811,-1.221357,-0.855729,-0.971661,0.741869,0.340535,0.340535,1.110095,6.058505,-0.217486
51,1.457598,1.270111,0.342370,0.257544,0.152691,-1.254434,-1.462774,-1.364332,-1.364332,-1.341457,24.034658,14.132036
52,-1.231494,-1.488499,-0.966430,-1.150933,-2.230848,-0.311856,0.259603,0.971967,0.971967,0.870920,2.522657,-0.085029
53,-0.659347,-0.981816,-0.847448,-0.657966,-1.405777,0.724979,1.086345,1.224540,1.224540,0.631744,17.070828,-0.534214
54,-0.544917,-0.869219,-1.144902,-1.291781,0.061016,-0.688887,0.190708,1.224540,1.224540,0.332774,11.256872,-0.374861
55,-1.174280,-1.094412,-1.561339,-1.080509,-1.039079,-1.160176,0.466289,0.593108,0.593108,1.468859,6.073021,-0.223985
56,-1.117065,-1.094412,-0.787957,-0.587542,-0.489031,0.536463,0.879659,0.466821,0.466821,1.648241,9.146228,-0.318093
57,0.313304,0.594533,1.115751,0.750511,1.527809,0.159432,-0.015977,-0.354040,-0.354040,-0.025990,23.609014,3.136786
58,-0.716562,-0.812921,-0.966430,-0.869237,-0.672380,0.724979,1.293030,1.287683,1.287683,1.409065,14.410197,-0.459544
59,-1.345924,-1.375903,-1.263884,-0.939661,-2.047499,-1.065918,0.121813,0.403678,0.403678,0.811126,3.309139,-0.120186
60,0.771022,0.707129,1.948624,1.243478,-1.039079,-1.348691,-1.738355,-1.174902,-1.174902,-1.162075,23.787277,7.291059
61,-0.773776,-0.981816,-0.431012,-0.657966,-0.672380,1.196267,1.637506,1.287683,1.287683,0.930714,15.477414,-0.480715
62,-1.231494,-0.812921,-1.085412,-0.376270,-0.397357,1.007752,1.775296,0.529964,0.529964,0.691538,14.874973,-0.478180
63,2.029746,0.481937,0.520842,0.468816,-0.489031,-0.783145,-1.118299,-1.301188,-1.301188,-1.162075,24.123472,16.777025
64,-0.544917,0.313042,1.115751,0.187120,1.069437,1.573298,0.948555,0.277392,0.277392,0.033804,21.586839,-0.722702
65,-0.487703,-0.925518,-0.371521,-0.657966,-0.489031,1.950329,1.293030,0.466821,0.466821,0.930714,18.319706,-0.594482
66,-0.659347,-1.038114,-0.609484,-0.657966,0.336040,0.819237,1.293030,0.971967,0.971967,0.930714,15.446860,-0.486687
67,0.771022,0.425639,1.056260,0.961783,0.152691,-1.537207,-1.187194,-1.174902,-1.174902,-1.221869,23.688534,4.692453
68,-1.117065,-0.587729,-0.133557,-0.939661,-0.030658,0.819237,1.499716,1.098253,1.098253,0.571950,18.658496,-0.614768
69,-1.002635,-1.488499,-0.847448,-0.939661,-1.589126,-0.406114,0.604079,0.719394,0.719394,1.050302,2.854428,-0.104320
70,0.599377,0.256744,1.056260,1.666021,1.252786,-0.783145,-1.118299,-1.301188,-1.301188,-1.162075,23.743572,5.711115
71,-0.029985,-0.249940,-0.787957,0.187120,1.252786,2.233103,0.121813,0.340535,0.340535,0.272980,21.685419,-0.734803
72,-0.830991,-1.038114,-1.025921,-0.869237,-0.489031,0.630721,0.672974,0.719394,0.719394,0.811126,6.664584,-0.239325
73,-0.830991,-0.925518,-0.847448,-0.798814,0.061016,-0.311856,0.948555,1.287683,1.287683,1.050302,12.207833,-0.401552
74,1.629243,1.157515,0.461352,0.257544,-1.130753,-1.254434,-1.118299,-1.301188,-1.301188,-1.221869,24.065005,14.903871
75,1.514813,1.720497,0.223388,0.116696,-1.589126,-1.442949,-0.980509,-1.174902,-1.174902,-1.341457,23.972180,12.328622
76,-0.487703,-1.038114,-0.431012,-0.235423,-0.030658,0.347948,1.155240,0.593108,0.593108,0.631744,19.126664,-0.611962
77,0.713807,0.819726,1.115751,1.454750,1.161111,-0.406114,-0.498243,-0.669756,-0.669756,-1.102281,23.638090,3.779983
78,1.285954,1.382708,1.532187,1.384326,-0.764055,-0.688887,-0.980509,-1.174902,-1.174902,-1.341457,23.894692,10.227563
79,-0.888206,-0.981816,-0.847448,-1.010085,-1.130753,-0.029083,0.259603,1.477112,1.477112,1.528653,8.037230,-0.296447
80,-0.716562,-1.432201,-0.490503,-0.869237,0.519389,-0.971661,1.499716,0.845680,0.845680,0.691538,13.684436,-0.434717
81,-0.830991,-0.869219,-0.847448,-0.587542,0.061016,1.007752,1.568611,1.161396,1.161396,0.751332,17.320174,-0.550923
82,1.285954,1.495304,0.401861,0.257544,-0.397357,-1.254434,-0.842718,-0.922329,-0.922329,-1.221869,24.010343,13.672141
83,0.771022,0.932322,0.639824,0.398392,1.619484,1.950329,0.259603,0.656251,0.656251,0.033804,23.276998,-0.625561
84,-0.373273,-0.587729,-0.252539,-0.164999,1.252786,2.044587,0.879659,0.529964,0.529964,0.571950,21.222909,-0.718470
85,-0.945421,-1.263307,-1.501848,-1.010085,-0.855729,-1.065918,0.741869,1.035110,1.035110,1.110095,5.050649,-0.175891
86,-1.345924,-0.756623,-0.966430,-1.784747,-1.039079,-0.029083,0.604079,1.350826,1.350826,1.468859,8.644347,-0.310681
87,-0.888206,-0.925518,-0.728466,-0.939661,-0.214007,0.630721,0.397394,0.908824,0.908824,1.409065,13.860492,-0.444652
88,1.343169,1.495304,0.461352,-1.291781,-0.397357,-0.500372,-1.324984,-1.301188,-1.301188,-1.401251,24.050137,14.745676
89,1.686457,1.270111,0.461352,0.046273,-0.489031,-1.537207,-1.049404,-0.859186,-0.859186,-1.162075,24.083300,15.637911
90,-1.231494,-1.094412,-1.680320,-1.221357,-0.397357,-0.029083,0.535184,0.908824,0.908824,0.870920,5.121937,-0.189602
91,-1.288709,-0.981816,-0.966430,-1.925595,-0.489031,0.159432,-0.980509,0.466821,0.466821,1.409065,6.733768,-0.240488
92,1.285954,1.833093,0.461352,0.468816,-1.039079,-0.783145,-1.393879,-0.859186,-0.859186,-1.102281,24.000554,13.211522
93,2.029746,0.988620,0.342370,0.116696,-0.122333,-1.537207,-1.669460,-1.364332,-1.364332,-1.221869,24.111321,16.463680
94,1.285954,1.607900,0.877788,0.046273,-0.947404,-0.594630,-1.669460,-0.922329,-0.922329,-1.221869,23.979401,12.675536
95,1.629243,1.382708,0.639824,-0.235423,-0.305682,-1.254434,-1.187194,-0.922329,-0.922329,-1.102281,24.027971,13.812865
96,0.599377,1.495304,1.115751,0.820935,-0.122333,-0.311856,-1.600565,-1.048616,-1.048616,-1.341457,23.927403,11.342909
97,-1.117065,-1.038114,-1.085412,-0.305847,-0.397357,0.630721,1.430820,1.098253,1.098253,1.349271,13.842455,-0.454414
98,0.542163,0.932322,0.996769,1.525173,0.977762,-0.500372,-1.118299,-0.922329,-0.922329,-0.564135,23.652863,4.057963
99,0.771022,0.425639,0.639824,0.750511,1.344460,0.913494,0.328499,0.277392,0.277392,-0.085784,23.130734,-0.721424
100,0.427733,0.369340,0.520842,0.539240,1.986182,1.573298,0.328499,0.529964,0.529964,0.272980,22.073491,-0.758250
101,1.228739,1.326409,1.353715,0.257544,-1.405777,-0.500372,-0.567138,-1.301188,-1.301188,-0.922899,23.863409,9.192992
102,-0.830991,-0.869219,-1.025921,-1.150933,0.061016,0.253690,1.224135,0.403678,0.403678,0.930714,11.779074,-0.387619
103,0.427733,0.538235,0.639824,1.173054,0.519389,-0.688887,-0.222662,-1.238045,-1.238045,-0.504341,23.622835,3.384689
104,1.057095,1.382708,1.234733,1.173054,0.061016,-0.783145,-0.980509,-1.616904,-1.616904,-1.341457,23.961774,12.185665
105,0.427733,0.425639,0.818297,0.680087,0.977762,-0.311856,-0.498243,-0.101468,-0.101468,-0.205372,23.557858,2.175302
106,-0.201629,1.101217,1.353715,1.313902,-0.489031,-0.217599,-1.049404,-1.364332,-1.364332,-1.341457,23.847244,8.936177
107,-1.002635,-0.925518,-1.204393,-1.221357,-0.855729,-0.406114,-0.842718,1.161396,1.161396,1.289477,6.605635,-0.257001
108,0.656592,0.425639,0.461352,0.891359,1.069437,0.630721,0.741869,0.024819,0.024819,0.870920,23.311566,-0.559205
109,0.542163,0.481937,0.223388,0.327968,1.161111,1.856072,0.741869,0.466821,0.466821,0.631744,22.936620,-0.827419
110,0.313304,0.481937,0.639824,1.384326,2.169532,0.630721,-0.291557,-0.922329,-0.922329,-0.504341,23.525829,1.631318
111,-0.888206,-1.319605,-0.668975,-0.587542,0.061016,0.253690,1.637506,1.287683,1.287683,0.811126,15.378464,-0.490723
112,-1.174280,-1.375903,-1.739811,-1.221357,-0.397357,-0.029083,0.741869,0.087962,0.087962,0.392568,6.388815,-0.230816
113,0.828236,1.044918,1.353715,0.609663,-0.030658,-1.065918,-1.118299,-1.490618,-1.490618,-1.341457,23.896140,10.210083
114,0.713807,0.538235,0.877788,0.820935,2.169532,0.253690,0.328499,-0.164611,-0.164611,-0.384753,23.474179,0.531079
115,1.285954,1.833093,0.877788,0.468816,-0.305682,-1.254434,-0.842718,-1.680048,-1.680048,-1.162075,23.982575,12.799741
116,-0.716562,-1.094412,-0.966430,-0.517118,-0.489031,0.253690,0.397394,0.529964,0.529964,0.990508,10.236216,-0.348930
117,-1.002635,-0.700325,-0.966430,-1.432628,-1.130753,0.347948,0.672974,1.413969,1.413969,1.409065,7.124913,-0.253541
118,0.256089,1.270111,1.472697,0.398392,-0.947404,-0.688887,-0.773823,-1.680048,-1.680048,-1.221869,23.808261,7.590186
119,-0.373273,-0.531430,-0.252539,-0.024151,-0.397357,1.102010,0.259603,0.593108,0.593108,-0.922899,19.539658,-0.642009
120,-0.888206,-1.150710,-1.085412,-1.080509,-1.039079,0.253690,0.672974,1.161396,1.161396,1.409065,9.682382,-0.340141
121,0.828236,1.326409,1.294224,0.398392,-0.030658,-0.500372,-1.669460,-0.859186,-0.859186,-1.162075,23.874300,9.668708
122,0.370518,0.087849,0.818297,0.046273,1.161111,0.442206,0.879659,0.529964,0.529964,-0.324959,21.514563,-0.750801
123,-0.830991,-0.925518,-1.620829,-1.080509,-0.672380,-0.500372,0.604079,0.719394,0.719394,1.648241,4.886538,-0.177429
124,0.771022,1.270111,1.294224,0.539240,0.152691,-0.500372,-1.600565,-1.111759,-1.111759,-1.341457,23.905277,10.222757
125,-1.117065,-1.544798,-1.085412,-1.150933,-2.139173,-1.160176,0.672974,1.161396,1.161396,1.169889,2.216837,-0.073040
126,-0.773776,-1.150710,-0.906939,-1.221357,-0.580706,0.724979,0.948555,1.224540,1.224540,1.409065,15.066677,-0.473246
127,0.713807,1.101217,1.532187,0.398392,-0.397357,-0.877403,-0.636033,-0.985472,-0.985472,-0.982693,23.802865,7.541899
128,-0.602132,-0.756623,-1.620829,-1.080509,-0.672380,-0.217599,0.052918,1.603399,1.603399,1.169889,8.464352,-0.311109
129,-0.544917,-1.094412,-1.263884,-0.376270,0.152691,1.007752,1.637506,1.287683,1.287683,0.870920,16.819398,-0.530939
130,-0.945421,-0.475132,-0.906939,-0.939661,-0.947404,0.536463,1.430820,1.098253,1.098253,0.631744,16.869082,-0.544642
131,-0.716562,-1.319605,-0.431012,-1.010085,0.061016,1.856072,1.430820,0.908824,0.908824,0.811126,17.463372,-0.557480
132,-1.288709,-0.869219,-1.620829,-0.446694,-0.397357,0.347948,0.741869,0.782537,0.782537,1.528653,13.837557,-0.444626
133,0.542163,1.213813,1.294224,0.680087,0.152691,-0.217599,-1.324984,-0.796043,-0.796043,-0.922899,23.909419,10.707392
134,-0.087200,-0.024747,-0.668975,0.116696,1.252786,1.007752,1.224135,0.277392,0.277392,-0.085784,20.557809,-0.677360
135,-0.487703,-0.812921,-1.025921,-0.517118,-0.122333,0.724979,1.637506,1.287683,1.287683,0.512156,17.579709,-0.565172
136,-1.174280,-1.150710,-1.561339,-1.080509,-1.039079,-0.029083,0.672974,1.161396,1.161396,0.571950,3.457294,-0.118568
137,-0.773776,-1.207009,-0.847448,-0.728390,-0.122333,0.724979,0.741869,1.161396,1.161396,0.930714,13.682660,-0.446560
138,-0.430488,-0.925518,-0.371521,-0.305847,0.702738,0.819237,1.361925,0.845680,0.845680,0.033804,15.722116,-0.491373
139,0.256089,1.044918,0.996769,1.736445,1.069437,-0.217599,-0.980509,-0.796043,-0.796043,-1.102281,23.710747,4.935361
140,2.029746,1.213813,-0.074066,0.187120,0.152691,-1.442949,-1.256089,-1.553761,-1.553761,-1.341457,24.149377,17.498893
141,-0.487703,-0.362536,-0.371521,-0.305847,0.794413,1.007752,1.637506,1.098253,1.098253,0.870920,19.001133,-0.633842
142,-0.716562,-0.475132,-0.490503,-0.869237,-0.580706,1.573298,1.293030,1.224540,1.224540,0.093598,18.617218,-0.609248
143,-0.716562,-0.249940,-0.252539,-0.376270,0.702738,1.667556,1.499716,0.908824,0.908824,0.631744,16.942630,-0.545229
144,2.086960,0.481937,0.461352,0.257544,-0.305682,-1.725722,-1.531669,-1.553761,-1.553761,-1.162075,24.112265,16.437491
145,-0.430488,-0.081045,0.104406,0.046273,0.886087,0.819237,0.810764,0.466821,0.466821,0.751332,20.692611,-0.692456
146,-1.231494,-0.925518,-1.620829,-1.221357,-0.672380,-0.594630,0.466289,1.224540,1.224540,0.990508,7.809802,-0.286440
147,-0.773776,-0.812921,-0.668975,-0.587542,-0.305682,0.347948,1.430820,1.350826,1.350826,0.691538,12.303155,-0.409519
148,1.400384,1.495304,0.461352,0.257544,-0.305682,-1.819980,-1.393879,-1.427475,-1.427475,-1.281663,23.941876,11.645185
149,1.343169,1.833093,0.580333,0.257544,-1.222428,-0.500372,-1.669460,-0.796043,-0.796043,-1.162075,23.980014,12.813984
150,-1.288709,-1.488499,-0.847448,-1.010085,-1.589126,-0.500372,0.535184,1.035110,1.035110,0.512156,4.200845,-0.144669
151,-1.174280,-0.587729,-0.490503,-1.010085,0.061016,0.630721,1.844191,1.224540,1.224540,0.811126,17.109914,-0.548221
152,-1.174280,-1.319605,-0.787957,-0.587542,-0.672380,0.913494,1.017450,1.413969,1.413969,0.990508,14.355397,-0.459360
153,0.828236,0.763428,1.532187,1.525173,-0.122333,-1.065918,-1.118299,-1.553761,-1.553761,-0.982693,23.834535,8.577121
154,-0.888206,-1.488499,-0.847448,-1.010085,-0.489031,0.724979,0.259603,0.719394,0.719394,1.528653,9.171006,-0.321881
155,-0.487703,-0.587729,-0.014576,-1.503052,0.886087,1.761814,0.879659,0.529964,0.529964,0.512156,21.274324,-0.716552
156,0.828236,0.594533,1.472697,1.806869,-0.397357,-0.783145,-0.842718,-1.111759,-1.111759,-1.102281,23.759711,6.106094
157,-0.659347,-1.150710,-0.668975,-0.446694,0.519389,1.479041,-0.222662,0.277392,0.277392,0.571950,15.839021,-0.499112
158,2.086960,1.101217,0.639824,0.539240,-0.214007,-1.160176,-1.738355,-1.616904,-1.616904,-1.341457,24.107169,16.297133
159,0.942666,1.270111,1.413206,1.454750,-0.030658,-2.102753,-0.980509,-1.806334,-1.806334,-0.803311,23.778789,6.556674
160,-1.117065,-1.263307,-1.561339,-0.869237,-0.305682,0.347948,0.672974,1.413969,1.413969,1.169889,9.214161,-0.322075
161,0.427733,1.101217,1.770151,1.243478,-0.397357,-1.631465,-1.118299,-1.174902,-1.174902,-1.162075,23.869566,9.562629
162,1.057095,1.157515,1.175242,1.595597,0.427715,-1.442949,-0.980509,-1.111759,-1.111759,-0.982693,23.822022,8.072521
163,0.484948,0.425639,0.104406,0.468816,0.977762,1.573298,0.741869,-0.354040,-0.354040,0.452362,22.537353,-0.773777
164,0.484948,0.256744,0.818297,0.750511,0.244365,1.102010,0.328499,0.403678,0.403678,0.332774,22.267427,-0.755613
165,-1.117065,-1.488499,-0.906939,-1.080509,-0.489031,-0.123341,0.397394,1.287683,1.287683,0.930714,11.086127,-0.391990
166,0.828236,0.932322,1.829642,1.173054,0.061016,-0.783145,-1.118299,-0.922329,-0.922329,-1.281663,23.794010,7.472494
167,-0.487703,-0.137343,-1.144902,0.116696,1.069437,0.442206,1.775296,0.403678,0.403678,0.452362,18.843988,-0.620077
168,-0.029985,-0.024747,-0.847448,0.187120,1.252786,1.950329,0.259603,0.277392,0.277392,0.392568,21.498485,-0.727947
169,-1.231494,-1.319605,-1.442357,-1.150933,-1.589126,-0.783145,-0.222662,0.593108,0.593108,1.409065,2.883044,-0.104099
170,0.828236,1.439006,0.996769,0.187120,0.061016,-0.217599,-0.980509,-1.553761,-1.553761,-1.341457,23.983493,12.409296
171,-1.117065,-0.700325,-1.620829,-0.587542,-0.855729,0.065175,0.672974,0.908824,0.908824,1.468859,5.429273,-0.210596
172,-0.602132,0.932322,0.996769,1.595597,1.069437,-1.537207,-0.911613,-0.922329,-0.922329,-0.922899,23.715215,4.997457
173,-0.659347,-1.038114,-0.787957,-0.587542,-0.214007,0.536463,1.706401,1.161396,1.161396,0.452362,16.556611,-0.527435
174,2.201390,0.988620,0.282879,0.327968,-0.489031,-1.254434,-1.738355,-1.111759,-1.111759,-1.221869,24.095142,15.946818
175,0.999880,1.382708,1.234733,0.750511,-0.214007,-0.783145,-1.049404,-0.985472,-0.985472,-1.221869,23.945876,11.666525
176,0.484948,0.369340,1.115751,1.173054,0.152691,0.065175,-1.324984,-0.796043,-0.796043,-1.162075,23.702891,4.609755
177,-0.659347,0.876024,1.056260,-0.798814,1.344460,1.573298,0.879659,-0.038324,-0.038324,0.392568,22.792080,-0.776007
178,-0.888206,-0.869219,-1.204393,-1.080509,-0.305682,0.065175,0.190708,1.161396,1.161396,0.392568,11.252738,-0.371113
179,-1.288709,-1.094412,-1.620829,-1.221357,-0.672380,-0.123341,0.328499,0.529964,0.529964,1.468859,6.017663,-0.234726
180,0.771022,1.101217,1.353715,1.595597,0.061016,-0.406114,-0.842718,-1.364332,-1.364332,-1.221869,23.796888,7.232126
181,0.427733,0.594533,0.163897,0.609663,1.344460,0.913494,0.466289,0.340535,0.340535,-0.384753,23.494314,0.112469
182,-0.373273,-0.531430,0.044915,-0.024151,-0.672380,0.819237,1.224135,1.161396,1.161396,0.272980,19.610784,-0.655727
183,0.256089,0.707129,1.829642,1.173054,-0.489031,-0.971661,-1.738355,-0.922329,-0.922329,-1.341457,23.789561,7.138616
184,-0.830991,-0.925518,-1.323375,-0.446694,0.152691,0.253690,0.810764,0.719394,0.719394,0.571950,12.789357,-0.414703
185,-1.288709,-1.038114,-1.263884,-1.221357,-0.672380,-0.594630,0.397394,0.593108,0.593108,1.289477,6.058202,-0.223594
186,0.828236,1.382708,1.353715,0.609663,0.152691,-0.500372,-0.980509,-1.174902,-1.174902,-1.341457,23.948933,11.720940
187,-0.602132,-0.925518,-0.728466,-0.446694,0.336040,0.630721,1.155240,0.971967,0.971967,0.332774,15.902106,-0.495848
188,-1.117065,-1.150710,-0.966430,-1.503052,-0.855729,-1.254434,0.466289,1.540256,1.540256,1.409065,9.278308,-0.337701
189,-1.231494,-0.981816,-0.906939,-0.587542,-0.489031,0.159432,0.328499,0.656251,0.656251,1.468859,6.152257,-0.221083
190,0.599377,0.707129,0.401861,1.173054,1.161111,0.159432,-0.222662,-0.922329,-0.922329,-1.042487,23.660500,4.183229
191,-0.888206,-1.094412,-1.323375,-1.573476,-0.947404,-0.783145,0.328499,1.477112,1.477112,0.392568,8.324556,-0.300580
192,0.370518,0.650831,0.699315,1.102630,0.794413,1.950329,0.604079,0.087962,0.087962,0.751332,23.338455,-0.534114
193,-1.345924,-0.925518,-1.263884,-0.305847,-0.122333,0.159432,0.741869,0.971967,0.971967,0.691538,16.044099,-0.501594
194,2.201390,1.044918,0.282879,0.539240,-0.305682,-1.160176,-1.669460,-1.238045,-1.238045,-1.341457,24.126173,16.973369
195,-1.345924,-1.544798,-0.847448,-1.643900,-0.672380,0.159432,0.879659,1.350826,1.350826,1.528653,9.677557,-0.334480
196,-0.888206,-0.812921,-1.561339,-1.573476,-0.855729,-0.311856,0.672974,1.161396,1.161396,1.349271,7.623488,-0.286488
197,-0.487703,-0.418834,-0.371521,-0.164999,1.252786,1.950329,0.948555,0.529964,0.529964,0.512156,21.158882,-0.709715
198,1.743672,1.213813,0.461352,0.257544,-0.030658,-1.631465,-1.324984,-1.680048,-1.680048,-1.341457,24.143963,17.478891
199,-0.773776,-0.812921,-0.906939,-1.010085,-0.122333,0.253690,0.604079,1.035110,1.035110,1.110095,14.741702,-0.468895
200,-0.258844,-1.544798,-0.312030,-1.150933,0.061016,1.761814,1.568611,0.593108,0.593108,0.930714,17.397169,-0.551605
201,-1.345924,-1.488499,-1.085412,-0.869237,-0.764055,-1.160176,0.741869,0.719394,0.719394,1.289477,5.703463,-0.205024
202,-0.888206,-0.981816,-0.787957,-0.446694,-0.214007,-0.500372,1.017450,0.908824,0.908824,0.930714,11.714722,-0.387703
203,-0.087200,-0.925518,0.104406,-0.376270,0.886087,1.667556,0.741869,-0.354040,-0.354040,0.093598,20.452909,-0.684576
204,0.656592,1.551602,0.520842,0.187120,-0.305682,-1.065918,-1.118299,-1.743191,-1.743191,-1.281663,23.990828,13.360473
205,-0.773776,-1.150710,-0.966430,-1.150933,-0.764055,0.159432,0.466289,0.782537,0.782537,1.050302,9.695056,-0.340480
206,-0.659347,-0.869219,-0.966430,-0.798814,-0.397357,-0.311856,1.017450,1.098253,1.098253,0.631744,11.807746,-0.395128
207,1.972531,0.819726,0.877788,0.327968,-0.672380,-2.385527,-1.187194,-1.427475,-1.427475,-1.221869,24.105523,16.172844
208,0.771022,1.270111,1.532187,1.313902,-0.672380,-0.783145,-1.118299,-1.553761,-1.553761,-1.042487,23.839720,8.532418
209,-1.345924,-0.981816,-0.966430,-1.573476,-0.489031,-0.029083,0.328499,1.413969,1.413969,1.409065,7.056107,-0.247241
210,-0.830991,-1.094412,-1.263884,-1.080509,-0.672380,0.253690,0.948555,1.035110,1.035110,0.452362,11.894457,-0.389912
211,0.370518,0.538235,0.639824,0.116696,-0.580706,1.102010,1.017450,-0.227754,-0.227754,0.272980,22.739114,-0.772173
212,0.084445,1.044918,1.532187,1.313902,0.061016,-0.688887,-0.980509,-1.238045,-1.238045,-1.102281,23.798461,7.655971
213,-0.602132,-0.700325,-1.501848,-1.784747,-0.672380,-0.217599,0.879659,1.477112,1.477112,0.751332,11.261928,-0.386631
214,0.484948,0.200446,0.461352,0.609663,1.619484,0.819237,0.879659,-0.417184,-0.417184,0.392568,22.559137,-0.767138
215,0.771022,0.650831,1.056260,1.313902,1.252786,0.159432,-1.187194,-0.922329,-0.922329,-0.683723,23.662845,4.066589
216,2.086960,1.101217,0.461352,0.539240,0.061016,-2.668300,-1.187194,-1.048616,-1.048616,-1.341457,24.144196,17.290154
217,0.713807,0.819726,1.472697,1.595597,-0.030658,-0.594630,-0.980509,-1.048616,-1.048616,-1.042487,23.773909,6.739178
218,-0.144414,-0.024747,-0.193048,0.609663,1.252786,1.950329,0.741869,0.529964,0.529964,-0.265166,21.774569,-0.744839
219,0.942666,1.101217,0.877788,0.398392,-0.122333,-1.160176,-1.393879,-1.616904,-1.616904,-1.341457,23.979274,12.702586
220,-0.544917,-1.432201,-0.490503,-0.869237,0.152691,1.950329,1.844191,1.035110,1.035110,0.930714,17.439467,-0.569677
221,-0.716562,-0.362536,-1.025921,-0.446694,0.427715,0.347948,1.017450,1.287683,1.287683,0.571950,17.529082,-0.564472
222,0.656592,-0.531430,0.996769,1.595597,1.619484,-0.406114,-0.704928,-0.922329,-0.922329,-0.743517,23.594616,3.000419
223,1.457598,1.607900,0.223388,-0.376270,-1.130753,-1.160176,-0.842718,-1.427475,-1.427475,-1.281663,23.974116,12.255520
224,-0.945421,-0.531430,-0.787957,-0.869237,0.152691,0.536463,0.879659,1.161396,1.161396,0.512156,16.312731,-0.511914
225,0.141659,0.256744,0.758806,1.243478,1.527809,1.102010,-1.049404,0.087962,0.087962,-0.085784,23.425965,-0.314951
226,-1.174280,-0.925518,-0.728466,-1.291781,-1.497451,0.159432,0.190708,1.413969,1.413969,0.691538,7.634668,-0.280032
227,-1.288709,-1.207009,-1.144902,-1.080509,-0.672380,-1.537207,-0.222662,0.529964,0.529964,0.990508,4.530347,-0.162959
228,1.285954,1.326409,-0.014576,0.468816,-0.397357,-0.594630,-0.911613,-1.238045,-1.238045,-1.341457,24.060815,14.645068
229,-1.231494,-0.981816,-0.966430,-1.432628,-0.672380,0.159432,0.535184,0.782537,0.782537,1.409065,4.813449,-0.177200
230,0.542163,0.763428,-0.074066,0.257544,1.436135,1.479041,-0.429348,-0.038324,-0.038324,0.153392,23.498357,0.278954
231,0.713807,0.707129,1.770151,1.525173,-0.030658,-0.783145,-0.980509,-1.238045,-1.238045,-1.102281,23.800932,7.616602
232,-1.288709,-0.925518,-0.966430,-1.221357,-0.489031,-0.311856,0.466289,1.413969,1.413969,1.528653,8.680069,-0.320906
233,0.713807,0.200446,1.234733,1.454750,1.436135,-0.500372,-0.704928,0.024819,0.024819,-0.324959,23.653009,3.928548
234,-0.773776,-1.207009,-0.668975,-0.587542,0.152691,0.724979,0.535184,1.098253,1.098253,0.512156,12.807698,-0.426032
235,-0.430488,-1.094412,-0.252539,-0.728390,0.244365,1.761814,1.706401,0.656251,0.656251,1.050302,17.472352,-0.561572
236,0.713807,1.044918,0.758806,1.595597,1.619484,-1.348691,-0.360453,-0.669756,-0.669756,-1.162075,23.652143,3.703171
237,1.514813,1.270111,0.342370,0.187120,-0.030658,-1.160176,-1.049404,-0.985472,-0.985472,-1.162075,24.034101,14.159914
238,2.029746,1.157515,0.580333,0.539240,-0.397357,-1.348691,-1.876145,-1.616904,-1.616904,-1.281663,24.106625,16.251565
239,0.942666,1.101217,1.710660,0.891359,-0.397357,-0.783145,-0.773823,-1.174902,-1.174902,-1.042487,23.882502,10.127859
240,-1.117065,-1.038114,-1.144902,-1.080509,-1.864150,-0.029083,0.672974,0.593108,0.593108,1.409065,9.585713,-0.334149
241,0.885451,0.369340,1.948624,1.313902,0.061016,-0.783145,-1.324984,-1.616904,-1.616904,-0.922899,23.860147,9.190821
242,1.400384,1.326409,1.234733,0.680087,-0.305682,-0.029083,-1.462774,-1.301188,-1.301188,-1.461045,23.931894,11.251928
243,-0.888206,-0.925518,-1.561339,-1.855171,-0.672380,-0.217599,0.397394,0.845680,0.845680,1.409065,10.912331,-0.374830
244,-1.117065,-1.207009,-1.204393,-1.010085,0.061016,-0.123341,0.604079,0.403678,0.403678,1.169889,10.323946,-0.354020
245,-0.659347,-0.644027,-0.371521,-0.164999,0.427715,1.007752,1.499716,1.224540,1.224540,0.631744,16.384416,-0.518397
246,-0.659347,-0.249940,-0.312030,-0.798814,-0.489031,0.536463,0.810764,1.161396,1.161396,0.751332,19.070172,-0.625021
247,0.313304,0.650831,0.937279,1.384326,2.077857,0.253690,-0.015977,0.024819,0.024819,-0.444547,23.560489,2.089646
248,-0.716562,-0.869219,-1.501848,-0.869237,-0.855729,-0.594630,1.017450,1.477112,1.477112,0.631744,11.183184,-0.382524
249,0.656592,0.200446,0.877788,1.243478,1.619484,1.856072,0.741869,-0.038324,-0.038324,0.631744,23.248885,-0.624948
250,-0.716562,-1.319605,-0.906939,-0.587542,0.061016,0.819237,0.672974,0.466821,0.466821,1.528653,9.162911,-0.331345
251,-1.059850,-1.375903,-0.847448,-1.010085,-0.489031,0.630721,-0.291557,0.403678,0.403678,0.691538,11.730024,-0.400102
252,1.514813,1.495304,-0.431012,0.046273,-0.122333,-1.160176,-1.187194,-1.553761,-1.553761,-1.221869,24.030665,13.875011
253,1.114310,0.763428,1.234733,1.736445,0.336040,-0.123341,-1.256089,-0.796043,-0.796043,-0.683723,23.776906,6.737746
254,0.771022,0.481937,0.520842,1.736445,0.702738,0.065175,-1.807250,-1.743191,-1.743191,-1.102281,23.724864,5.430110
255,0.942666,0.481937,0.461352,-0.305847,-0.397357,-1.348691,-1.118299,-0.922329,-0.922329,-1.162075,24.141306,17.277834
256,2.029746,1.044918,0.223388,0.116696,-0.214007,-1.725722,-1.393879,-1.364332,-1.364332,-1.221869,24.115955,16.488491
257,-1.345924,-1.601096,-1.085412,-1.221357,-1.222428,-0.311856,-0.842718,1.035110,1.035110,1.050302,1.911801,-0.062787
258,0.542163,0.538235,1.056260,1.313902,2.352881,0.724979,-0.291557,-0.290897,-0.290897,-0.324959,23.537260,1.516080
259,-0.773776,-0.925518,-0.847448,-1.150933,-0.764055,-0.029083,0.672974,0.971967,0.971967,1.050302,10.243403,-0.347837
260,-0.144414,-0.475132,-0.133557,0.187120,-0.030658,1.856072,0.672974,0.403678,0.403678,0.512156,19.474885,-0.653596
261,-1.231494,-0.756623,-1.323375,-1.573476,-0.672380,-0.594630,0.879659,0.719394,0.719394,0.930714,2.810730,-0.107226
262,0.542163,0.031551,-0.193048,0.680087,2.169532,1.761814,0.604079,0.214248,0.214248,0.571950,23.376047,-0.456524
263,-1.345924,-1.657394,-1.144902,-1.362204,-0.855729,-1.348691,0.466289,0.340535,0.340535,1.468859,5.664823,-0.201868
264,0.427733,0.481937,0.520842,0.327968,1.069437,2.044587,0.259603,0.403678,0.403678,-0.324959,23.292690,-0.597224
265,-0.773776,-0.869219,-1.680320,-0.728390,-0.672380,0.347948,1.361925,0.782537,0.782537,0.930714,14.704892,-0.470470
266,-0.316058,-0.362536,0.401861,-0.164999,1.436135,2.233103,0.535184,0.782537,0.782537,0.631744,20.473991,-0.676903
267,0.656592,0.819726,1.353715,1.736445,-1.222428,-0.311856,-0.842718,-1.301188,-1.301188,-0.803311,23.784557,6.979354
268,1.343169,1.833093,0.818297,0.187120,-0.397357,-1.160176,-1.118299,-0.796043,-0.796043,-1.162075,24.032730,13.988936
269,0.542163,0.369340,0.461352,0.257544,1.344460,2.044587,0.328499,0.403678,0.403678,-0.922899,23.269435,-0.645706
270,1.572028,1.495304,0.223388,-0.024151,-0.214007,-1.160176,-1.256089,-0.985472,-0.985472,-1.281663,24.060367,14.919323
271,1.514813,1.382708,0.401861,0.327968,-0.122333,-1.254434,-1.393879,-0.922329,-0.922329,-1.341457,24.066742,15.128312
272,-1.174280,-1.150710,-1.025921,-1.221357,-0.305682,0.159432,0.879659,0.782537,0.782537,0.930714,6.967403,-0.250660
273,0.656592,0.819726,1.770151,1.454750,-0.489031,-0.783145,-1.738355,-1.111759,-1.111759,-1.341457,23.806623,7.488536
274,2.201390,1.101217,-0.193048,-0.164999,0.152691,-1.914238,-1.187194,-0.985472,-0.985472,-1.341457,24.125753,16.755605
275,1.400384,1.044918,0.461352,0.750511,0.061016,-1.254434,-1.738355,-0.606613,-0.606613,-1.102281,24.051587,14.333122
276,-0.316058,-0.587729,-0.133557,0.187120,0.886087,1.573298,0.810764,0.024819,0.024819,0.392568,21.238212,-0.714520
277,-0.487703,-0.306238,-0.490503,0.187120,1.069437,1.761814,0.879659,0.529964,0.529964,-0.085784,20.510903,-0.687380
278,-0.087200,0.425639,1.115751,0.680087,2.077857,0.347948,0.672974,-0.417184,-0.417184,-0.324959,23.515632,1.388447
279,-1.231494,-1.207009,-0.966430,-1.714324,-0.489031,-1.348691,0.397394,0.529964,0.529964,0.870920,6.633136,-0.228441
280,-0.659347,-0.925518,-0.787957,-0.305847,-0.030658,0.630721,1.017450,1.287683,1.287683,1.409065,13.678920,-0.445816
281,0.542163,0.819726,1.175242,1.243478,1.436135,-0.029083,-0.842718,-0.922329,-0.922329,-0.982693,23.671893,4.174826
282,-1.288709,-0.925518,-0.906939,-1.573476,-1.497451,-0.029083,0.259603,0.340535,0.340535,1.468859,2.482582,-0.083913
283,1.285954,1.495304,1.115751,0.750511,0.061016,-0.406114,-1.462774,-1.301188,-1.301188,-1.461045,23.931110,10.735443
284,0.484948,0.256744,1.234733,1.595597,1.436135,-0.029083,-1.118299,-0.543470,-0.543470,-0.803311,23.681227,3.992470
285,-0.716562,-0.081045,0.104406,-0.164999,0.061016,0.724979,1.293030,0.087962,0.087962,0.452362,20.231760,-0.677288
286,-1.403138,-1.150710,-0.609484,-1.432628,-0.305682,0.630721,0.948555,0.593108,0.593108,1.349271,13.271017,-0.427386
287,-1.174280,-1.375903,-1.085412,-1.573476,-1.222428,-0.029083,0.397394,1.540256,1.540256,1.349271,8.202294,-0.284833
288,1.057095,1.382708,1.413206,1.313902,-1.130753,-0.123341,-0.704928,-1.048616,-1.048616,-1.281663,23.863844,9.083481
289,-1.403138,-0.981816,-1.085412,-1.010085,-2.689221,-0.123341,0.328499,0.529964,0.529964,1.648241,2.459605,-0.073628
290,-0.544917,-0.981816,-0.490503,-0.024151,-0.489031,0.253690,-0.084872,0.782537,0.782537,0.512156,18.475644,-0.600727
291,1.629243,1.270111,0.937279,0.257544,-0.947404,-0.971661,-1.393879,-0.796043,-0.796043,-1.162075,24.085498,15.726522
292,-0.830991,-1.038114,-1.144902,-1.714324,-0.764055,-0.217599,0.672974,0.845680,0.845680,0.691538,6.936337,-0.260958
293,-1.345924,-1.319605,-1.323375,-1.150933,-2.322523,-0.123341,0.604079,0.593108,0.593108,1.050302,4.000355,-0.147537
294,-0.201629,0.369340,0.699315,0.257544,1.619484,1.007752,-0.153767,-0.038324,-0.038324,-0.265166,23.461481,0.050355
295,1.629243,1.157515,0.937279,0.539240,-0.397357,-0.877403,-1.187194,-1.680048,-1.680048,-1.341457,24.052986,14.918874
296,-1.117065,-0.925518,-0.966430,-0.939661,-0.672380,0.159432,0.535184,1.161396,1.161396,1.528653,5.503572,-0.196278
297,-0.373273,-0.249940,-0.847448,-0.446694,0.794413,0.630721,1.430820,0.214248,0.214248,0.213186,17.955732,-0.586299
298,0.713807,0.538235,0.520842,0.116696,1.711159,0.442206,0.121813,-0.417184,-0.417184,-0.324959,23.537660,1.576227
299,-1.288709,-1.094412,-0.966430,-1.150933,-0.947404,0.159432,0.259603,1.477112,1.477112,1.169889,8.829837,-0.329376
300,1.800887,1.270111,-0.193048,0.539240,-0.122333,-1.537207,-1.256089,-1.743191,-1.743191,-1.221869,24.154813,17.598693
301,-0.659347,-1.038114,-0.966430,-1.503052,-0.397357,0.536463,1.224135,0.971967,0.971967,0.870920,11.551271,-0.392404
302,0.313304,0.425639,0.996769,1.173054,2.169532,-0.217599,-0.153767,-0.038324,-0.038324,-0.564135,23.495813,1.106471
303,1.743672,1.157515,0.401861,-0.094575,0.152691,-2.197011,-1.807250,-1.301188,-1.301188,-1.281663,24.102673,16.441027
304,-1.288709,-1.488499,-0.966430,-1.150933,-1.589126,-0.029083,0.397394,0.593108,0.593108,0.571950,3.466540,-0.132330
305,-1.231494,-0.981816,-1.501848,-1.291781,-0.672380,-0.217599,0.672974,0.277392,0.277392,1.050302,9.514820,-0.336663
306,1.972531,1.157515,0.342370,0.257544,-0.397357,-0.783145,-1.049404,-1.743191,-1.743191,-1.221869,24.055068,15.250989
307,-1.117065,-0.981816,-1.085412,-1.643900,-1.314102,0.065175,0.741869,0.593108,0.593108,0.272980,10.739699,-0.353141
308,1.343169,1.833093,0.342370,0.046273,-0.305682,-1.254434,-1.187194,-0.985472,-0.985472,-0.863105,23.987048,13.024265
309,-1.345924,-1.488499,-1.799302,-1.573476,-0.672380,-0.500372,0.397394,0.087962,0.087962,1.767829,5.139069,-0.183724
310,-0.373273,-0.531430,-0.787957,-0.939661,0.336040,1.196267,1.568611,0.656251,0.656251,0.093598,16.974139,-0.539077
311,2.144175,1.382708,0.223388,-0.024151,-0.305682,-1.065918,-0.980509,-1.174902,-1.174902,-1.281663,24.083051,15.903836
312,0.599377,0.763428,1.115751,1.595597,0.336040,-0.029083,-0.360453,-1.238045,-1.238045,-1.341457,23.679811,4.457738
313,-0.716562,-0.531430,-0.371521,-0.728390,0.152691,1.950329,1.706401,0.340535,0.340535,0.930714,18.148621,-0.595241
314,0.656592,0.425639,0.044915,1.173054,2.169532,0.065175,0.672974,-0.101468,-0.101468,-0.324959,23.511422,1.327328
315,0.713807,0.256744,1.175242,1.666021,0.702738,-0.029083,-1.669460,-0.796043,-0.796043,-0.922899,23.693461,4.772955
316,-1.174280,-1.038114,-1.144902,-1.503052,-0.764055,0.347948,0.259603,0.845680,0.845680,0.452362,11.949603,-0.395871
317,1.400384,1.833093,0.996769,-0.164999,-0.397357,-1.914238,-0.980509,-0.922329,-0.922329,-1.221869,24.007592,13.404498
318,0.542163,0.087849,0.877788,0.468816,1.436135,0.819237,-1.118299,0.024819,0.024819,-0.743517,23.487915,0.887529
319,-1.231494,-1.150710,-0.847448,-1.221357,-0.580706,0.159432,0.741869,1.350826,1.350826,1.528653,9.586154,-0.332317
320,0.942666,0.932322,1.948624,1.173054,-0.305682,-1.160176,-0.773823,-1.301188,-1.301188,-0.982693,23.827326,8.205910
321,-1.117065,-1.432201,-1.085412,-2.136867,-1.955824,-0.406114,0.328499,0.656251,0.656251,1.528653,2.324458,-0.073527
322,-0.487703,-1.207009,-1.263884,-0.798814,-0.305682,0.630721,1.637506,1.224540,1.224540,0.870920,15.584919,-0.487015
323,0.828236,1.157515,1.829642,1.454750,-0.030658,-0.500372,-1.256089,-1.238045,-1.238045,-1.102281,23.854320,9.089937
324,1.285954,1.382708,0.996769,0.257544,0.152691,-0.877403,-1.118299,-1.680048,-1.680048,-1.221869,23.994793,13.129713
325,1.343169,1.382708,-0.193048,0.257544,-0.305682,-0.406114,-0.980509,-1.174902,-1.174902,-1.221869,24.060439,14.757707
326,-1.002635,-1.601096,-1.204393,-0.939661,-1.039079,-0.594630,0.328499,1.098253,1.098253,1.169889,2.123364,-0.066076
327,-0.888206,-0.756623,-1.085412,-1.150933,-0.489031,0.065175,0.672974,1.350826,1.350826,-0.205372,11.186632,-0.372002
328,-1.288709,-0.700325,-0.847448,-0.869237,-0.580706,-0.029083,0.121813,0.593108,0.593108,1.468859,5.086691,-0.191516
329,-1.002635,-1.150710,-0.371521,-0.376270,-0.489031,1.196267,0.741869,1.350826,1.350826,0.930714,14.360108,-0.458780
330,-1.345924,-1.375903,-1.204393,-1.503052,-0.672380,0.065175,0.672974,1.098253,1.098253,1.528653,7.475533,-0.275820
331,-0.888206,-0.475132,-1.085412,-0.869237,0.611064,1.007752,1.568611,0.719394,0.719394,1.050302,18.116260,-0.610644
332,-0.945421,-0.812921,-1.561339,-0.939661,-0.489031,0.724979,-0.291557,0.656251,0.656251,1.289477,9.832000,-0.333775
333,0.542163,0.538235,0.996769,1.454750,1.527809,-0.029083,-0.429348,-0.669756,-0.669756,-0.922899,23.646176,3.499661
334,-0.373273,0.369340,0.758806,1.102630,1.619484,1.007752,-0.291557,-0.101468,-0.101468,-0.025990,23.499730,0.603894
335,0.313304,0.988620,0.342370,1.313902,2.169532,1.196267,-0.842718,-0.732900,-0.732900,-1.042487,23.537510,1.727629
336,-1.117065,-1.432201,-1.263884,-1.150933,-0.305682,0.724979,0.741869,0.656251,0.656251,0.990508,4.682870,-0.152883
337,-0.087200,-0.475132,-0.431012,-1.150933,0.061016,1.196267,1.430820,1.161396,1.161396,0.631744,19.683304,-0.653076
338,1.285954,1.270111,1.234733,0.327968,-0.122333,-0.123341,-1.049404,-1.048616,-1.048616,-1.341457,23.866376,9.111874
339,1.057095,1.495304,1.234733,0.750511,0.152691,-0.594630,-0.911613,-1.869477,-1.869477,-1.341457,23.909425,10.629571
340,-0.830991,-1.094412,-1.085412,-0.939661,-0.672380,0.159432,0.741869,0.971967,0.971967,1.169889,10.242199,-0.350670
341,-1.345924,-0.925518,-1.680320,-1.010085,-0.397357,-0.029083,0.604079,0.782537,0.782537,1.050302,10.505637,-0.348218
342,-1.231494,-1.263307,-0.371521,-0.517118,-0.305682,0.253690,1.017450,1.224540,1.224540,0.571950,13.270736,-0.422957
343,0.771022,0.594533,1.115751,1.736445,1.527809,-0.217599,-0.704928,-0.417184,-0.417184,-0.683723,23.698377,4.939006
344,0.771022,0.425639,0.699315,0.961783,1.619484,0.819237,-0.773823,-0.985472,-0.985472,-0.384753,23.573278,2.362142
345,0.656592,0.707129,0.996769,1.454750,1.436135,-0.783145,-0.360453,-0.796043,-0.796043,-0.922899,23.623664,3.373509
346,-0.487703,-1.038114,-0.787957,-0.728390,0.152691,0.536463,0.672974,0.908824,0.908824,0.093598,15.398990,-0.479378
347,-0.029985,0.200446,1.115751,0.680087,2.169532,1.667556,0.535184,0.340535,0.340535,-0.444547,22.123444,-0.817249
348,-1.059850,-0.700325,-1.620829,-0.376270,-0.030658,1.102010,1.706401,0.719394,0.719394,0.631744,14.769208,-0.461802
349,-1.288709,-0.812921,-1.025921,-0.869237,-2.139173,-0.029083,0.604079,0.782537,0.782537,0.990508,3.009130,-0.105114
350,-1.117065,-1.038114,-0.609484,-0.657966,-0.305682,0.442206,1.637506,1.413969,1.413969,0.512156,12.848678,-0.425344
351,0.771022,0.481937,1.056260,1.243478,1.436135,-0.594630,-0.773823,-0.669756,-0.669756,-0.683723,23.706129,4.955854
352,1.629243,1.044918,0.937279,0.468816,-0.580706,-1.160176,-0.980509,-1.111759,-1.111759,-1.281663,24.094552,15.956408
353,1.743672,0.707129,0.461352,-0.024151,-0.489031,-0.971661,-1.187194,-1.553761,-1.553761,-1.401251,24.139678,17.519292
354,-1.345924,-1.375903,-1.204393,-1.010085,-1.222428,-0.688887,0.121813,0.214248,0.214248,1.289477,2.988565,-0.109076
355,1.514813,1.270111,0.580333,0.398392,-0.214007,-1.348691,-1.049404,-0.859186,-0.859186,-1.102281,24.027212,14.131190
356,1.514813,0.481937,0.520842,-0.164999,-0.672380,-1.631465,-1.393879,-1.174902,-1.174902,-1.341457,24.155654,17.698558
357,1.400384,1.833093,0.223388,0.187120,-0.855729,-1.537207,-0.980509,-0.922329,-0.922329,-1.102281,23.965708,12.128779
358,0.484948,0.594533,0.401861,1.595597,1.619484,-0.311856,-0.636033,-0.796043,-0.796043,-0.683723,23.610987,3.252412
359,-0.888206,-1.375903,-0.787957,-1.150933,-0.855729,0.347948,0.672974,1.477112,1.477112,0.990508,9.358136,-0.336851
360,-0.602132,-0.249940,-0.193048,-0.587542,0.886087,0.536463,0.879659,0.719394,0.719394,0.033804,20.065699,-0.677270
361,-0.602132,-0.981816,-1.025921,-1.150933,-2.230848,-0.311856,0.052918,1.035110,1.035110,0.870920,11.305667,-0.396448
362,-0.716562,-0.812921,-1.263884,-1.010085,-0.855729,0.724979,0.810764,1.350826,1.350826,0.631744,11.375506,-0.378261
363,1.686457,1.382708,0.223388,0.398392,-0.305682,-1.631465,-1.049404,-1.048616,-1.048616,-0.922899,24.043446,14.405905
364,0.713807,0.313042,0.580333,0.609663,1.252786,0.347948,0.672974,0.214248,0.214248,0.452362,22.949316,-0.784426
365,-1.231494,-0.925518,-1.561339,-1.010085,-0.672380,-0.406114,0.328499,1.098253,1.098253,1.409065,3.463682,-0.129412
366,-1.117065,-0.869219,-1.501848,-1.291781,-2.505872,-0.594630,-0.084872,0.656251,0.656251,1.289477,3.095869,-0.109667
367,0.942666,0.932322,1.294224,1.806869,0.977762,-0.029083,-1.256089,-0.985472,-0.985472,-0.922899,23.766932,6.497973
368,-0.201629,-0.362536,-0.014576,0.539240,-0.214007,1.856072,0.741869,0.466821,0.466821,0.153392,19.532588,-0.655787
369,-0.773776,-1.319605,-0.847448,-1.362204,-1.222428,0.442206,0.879659,1.224540,1.224540,1.648241,8.669324,-0.318550
370,0.713807,1.213813,1.770151,1.243478,-1.039079,-0.500372,-1.462774,-1.806334,-1.806334,-1.162075,23.853382,8.663385
371,-0.945421,-0.812921,-1.442357,-1.432628,-0.580706,0.159432,0.604079,1.224540,1.224540,0.930714,10.612222,-0.347598
372,-1.288709,-1.094412,-1.085412,-0.869237,-0.305682,0.253690,0.328499,0.277392,0.277392,0.571950,5.536824,-0.210231
373,-0.201629,0.313042,1.413206,1.595597,-0.397357,-1.065918,-0.842718,-1.427475,-1.427475,-1.102281,23.781927,7.131769
374,-0.716562,-0.925518,-0.728466,-1.150933,-0.855729,-0.971661,0.810764,1.729685,1.729685,0.811126,8.128430,-0.296074
375,-0.487703,-0.081045,-0.490503,-0.164999,0.336040,0.630721,0.604079,0.656251,0.656251,0.033804,17.972179,-0.587916
376,-1.288709,-0.981816,-1.204393,-1.432628,-0.672380,0.159432,0.259603,1.161396,1.161396,0.870920,7.118540,-0.260638
377,0.484948,0.932322,1.115751,1.525173,1.436135,-0.123341,-0.429348,-0.796043,-0.796043,-0.683723,23.685436,4.692234
378,-1.231494,-1.207009,-1.204393,-1.080509,-0.580706,0.065175,0.466289,0.340535,0.340535,0.811126,10.765208,-0.365145
379,0.542163,0.538235,0.758806,1.454750,1.619484,-0.217599,-0.153767,-0.417184,-0.417184,-0.504341,23.652107,3.962309
380,-1.117065,-1.150710,-0.906939,-0.869237,-1.680801,-1.065918,0.741869,0.466821,0.466821,0.751332,2.932580,-0.110446
381,-0.430488,0.594533,0.520842,1.525173,2.261206,0.819237,-0.360453,-0.669756,-0.669756,-1.221869,23.592473,2.657202
382,-1.288709,-1.319605,-1.204393,-0.869237,-1.772475,-0.688887,0.397394,0.529964,0.529964,1.588447,2.421351,-0.086815
383,0.427733,0.256744,0.639824,0.609663,1.436135,1.761814,0.328499,-1.048616,-1.048616,0.512156,22.206278,-0.757213
384,0.427733,0.087849,0.104406,0.750511,1.619484,1.479041,-0.015977,0.529964,0.529964,-0.145578,23.405490,-0.372248
385,-1.231494,-0.981816,-1.442357,-1.221357,-0.855729,0.065175,0.535184,1.224540,1.224540,1.588447,6.551192,-0.254925
386,-0.373273,-0.700325,-0.074066,-1.573476,0.427715,1.573298,1.637506,0.214248,0.214248,1.050302,17.466277,-0.558327
387,0.771022,-0.306238,0.461352,-0.305847,2.077857,1.007752,0.121813,-0.101468,-0.101468,-0.324959,23.453066,0.067261
388,0.427733,1.157515,1.532187,0.539240,-0.764055,-0.877403,-0.704928,-1.680048,-1.680048,-0.982693,23.797029,7.529085
389,0.713807,0.763428,1.889133,1.173054,-0.489031,-0.500372,-1.393879,-0.796043,-0.796043,-1.162075,23.825261,8.262607
390,0.771022,1.044918,1.056260,1.736445,0.794413,-0.406114,-0.704928,-0.417184,-0.417184,-0.803311,23.713435,5.202238
391,0.542163,1.157515,1.770151,1.032206,0.061016,-1.160176,-1.531669,-1.174902,-1.174902,-0.922899,23.881503,9.681039
392,1.972531,1.270111,0.520842,0.539240,-0.397357,-1.160176,-1.256089,-1.616904,-1.616904,-1.102281,24.116961,16.497474
393,-0.716562,-0.981816,-0.787957,-1.080509,-0.580706,0.724979,0.672974,1.098253,1.098253,1.468859,13.363540,-0.442773
394,0.542163,0.369340,0.996769,0.891359,2.261206,-0.877403,0.328499,0.087962,0.087962,-0.324959,23.486749,0.621100
395,-0.716562,-1.375903,-1.144902,-1.291781,-0.489031,0.253690,0.466289,0.782537,0.782537,0.751332,6.656548,-0.241350
396,0.656592,1.439006,1.115751,0.891359,-0.214007,-0.500372,-1.669460,-0.859186,-0.859186,-1.162075,23.929339,11.372184
397,-1.002635,-0.531430,-0.371521,-0.305847,-0.580706,1.007752,1.706401,1.035110,1.035110,0.691538,17.839812,-0.567868
398,-1.117065,-1.207009,-1.085412,-1.643900,-2.047499,-1.254434,0.535184,0.529964,0.529964,1.050302,4.117521,-0.151996
399,0.084445,-0.137343,0.461352,1.102630,0.702738,2.233103,0.397394,-0.290897,-0.290897,0.392568,22.596596,-0.867448
400,1.514813,1.720497,0.580333,0.116696,-2.047499,-0.783145,-1.256089,-1.553761,-1.553761,-1.162075,23.968118,12.163891
401,0.141659,0.031551,0.104406,0.750511,1.436135,1.573298,0.259603,0.908824,0.908824,0.392568,21.805998,-0.728236
402,1.343169,1.495304,0.461352,0.046273,-0.489031,-1.160176,-0.980509,-0.922329,-0.922329,-1.341457,24.027010,13.833695
403,1.114310,1.213813,1.175242,0.468816,-1.314102,-1.819980,-1.118299,-0.859186,-0.859186,-1.341457,23.913669,10.854160
404,1.400384,1.776795,0.223388,-0.024151,-1.222428,-1.254434,-0.911613,-1.111759,-1.111759,-1.162075,23.971143,12.271360
405,0.542163,1.044918,1.353715,1.736445,1.069437,0.065175,-1.187194,-0.606613,-0.606613,-1.281663,23.767413,6.515250
406,-0.373273,-0.306238,-0.252539,-0.798814,-0.030658,0.442206,1.499716,1.035110,1.035110,0.571950,18.561728,-0.602050
407,1.057095,0.707129,1.948624,0.891359,-0.122333,-1.254434,-0.842718,-1.806334,-1.806334,-0.982693,23.823101,8.157808
408,-0.659347,-1.038114,-1.144902,-0.798814,-0.580706,0.724979,0.397394,1.098253,1.098253,1.528653,14.546201,-0.464052
409,0.771022,0.988620,0.937279,1.595597,1.436135,0.347948,-0.842718,-0.669756,-0.669756,-1.042487,23.666319,4.284095
410,-0.258844,-0.644027,-0.133557,0.116696,-0.489031,0.724979,0.948555,0.403678,0.403678,0.392568,20.158565,-0.674122
411,1.285954,1.607900,0.580333,0.116696,-0.672380,-0.783145,-1.324984,-1.238045,-1.238045,-1.341457,23.995548,12.847350
412,-0.316058,0.538235,0.163897,0.187120,0.794413,0.442206,0.466289,0.466821,0.466821,0.631744,22.989646,-0.770917
413,1.343169,1.833093,0.520842,0.468816,-0.305682,-1.537207,-1.393879,-1.806334,-1.806334,-1.221869,23.987707,12.733364
414,-1.231494,-1.038114,-1.204393,-0.657966,-0.672380,-0.311856,0.741869,0.529964,0.529964,1.528653,6.110278,-0.198802
415,0.427733,0.650831,0.699315,1.243478,1.802833,0.159432,-0.153767,-0.480327,-0.480327,-1.221869,23.522606,1.214556
416,0.713807,1.044918,1.294224,2.088564,0.702738,-0.217599,-0.429348,-0.922329,-0.922329,-0.683723,23.735189,5.604303
417,-0.602132,-0.869219,-0.787957,-0.587542,-0.305682,0.065175,0.948555,1.477112,1.477112,1.050302,13.173266,-0.420935
418,-0.945421,-0.812921,-0.966430,-1.221357,-1.039079,0.442206,0.328499,0.593108,0.593108,1.409065,10.208706,-0.349745
419,0.484948,0.594533,0.937279,1.454750,2.169532,0.159432,-0.015977,-0.290897,-0.290897,-0.683723,23.564076,2.119804
420,-1.345924,-1.319605,-1.323375,-1.643900,-0.855729,0.253690,0.190708,1.350826,1.350826,1.289477,7.556616,-0.271606
421,-1.117065,-0.700325,-1.085412,-1.573476,-0.672380,0.159432,0.604079,0.719394,0.719394,1.169889,4.035336,-0.152102
422,1.057095,1.326409,1.591678,1.313902,-0.397357,-1.442949,-0.567138,-1.490618,-1.490618,-1.401251,23.826853,8.625358
423,-1.345924,-1.094412,-1.204393,-1.080509,-1.130753,-0.688887,0.397394,0.340535,0.340535,1.349271,5.834065,-0.217306
424,-1.174280,-0.587729,-0.966430,-0.164999,-0.397357,0.913494,1.293030,1.287683,1.287683,0.870920,14.904692,-0.471950
425,-1.002635,-1.038114,-1.263884,-1.010085,-0.489031,1.479041,1.568611,0.087962,0.087962,1.409065,13.162950,-0.429586
426,-0.773776,-1.094412,-1.204393,-1.080509,-0.855729,0.065175,0.535184,1.477112,1.477112,0.631744,8.524502,-0.305214
427,-0.945421,-0.700325,-0.966430,-1.291781,-0.580706,-0.029083,0.948555,1.666542,1.666542,1.050302,9.000563,-0.327316
428,2.086960,0.932322,-0.014576,0.116696,-0.305682,-1.914238,-1.256089,-1.616904,-1.616904,-1.341457,24.151224,17.551701
429,-0.201629,-0.024747,0.104406,-0.869237,1.069437,2.044587,0.535184,0.277392,0.277392,0.332774,21.086877,-0.700330
430,-1.059850,-0.193641,0.163897,0.187120,-0.030658,1.667556,1.293030,0.340535,0.340535,0.631744,19.443178,-0.653223
431,1.514813,1.157515,1.353715,0.539240,-0.397357,-0.029083,-1.393879,-1.616904,-1.616904,-1.401251,23.929894,11.218493
432,1.858102,0.932322,0.461352,0.257544,-0.855729,-1.631465,-0.911613,-1.743191,-1.743191,-0.922899,24.076078,15.367101
433,-0.830991,-1.094412,-1.739811,-1.855171,-2.047499,0.630721,0.466289,0.782537,0.782537,0.990508,10.201702,-0.359153
434,0.542163,0.369340,0.342370,0.257544,1.436135,2.044587,-0.084872,0.214248,0.214248,-0.444547,23.250849,-0.651099
435,-0.544917,-1.263307,-1.561339,-1.010085,-1.130753,-0.783145,0.604079,0.656251,0.656251,0.512156,10.541516,-0.354299
436,-0.773776,-0.812921,-0.312030,-1.221357,0.061016,0.630721,1.568611,1.035110,1.035110,0.332774,13.430271,-0.434576
437,1.400384,1.833093,0.223388,0.539240,-0.489031,-0.877403,-1.118299,-0.922329,-0.922329,-1.221869,23.991514,13.234267
438,-0.773776,-1.038114,-1.442357,-0.446694,-0.030658,0.724979,0.879659,0.656251,0.656251,0.811126,12.810999,-0.413272
439,-0.087200,-0.081045,0.937279,0.680087,2.077857,0.347948,0.672974,-0.164611,-0.164611,-0.444547,23.480185,0.616352
440,-1.231494,-1.150710,-1.739811,-1.573476,-0.305682,-0.500372,0.190708,0.971967,0.971967,0.930714,6.061179,-0.227149
441,0.599377,0.594533,1.829642,1.313902,0.061016,-1.348691,-1.049404,-0.985472,-0.985472,-0.982693,23.794861,7.394816
442,-1.059850,-0.812921,-1.144902,-1.362204,-0.672380,-0.029083,0.672974,0.656251,0.656251,0.751332,3.905520,-0.138845
443,0.942666,1.044918,1.472697,0.609663,-0.122333,-0.783145,-0.980509,-1.301188,-1.301188,-1.162075,23.866654,9.311530
444,-0.830991,-0.700325,-1.442357,-0.024151,-0.305682,0.442206,1.430820,1.161396,1.161396,0.811126,15.787832,-0.494382
445,0.942666,0.988620,0.877788,1.313902,0.152691,-0.688887,-1.462774,-1.174902,-1.174902,-1.221869,23.794219,7.111877
446,0.313304,0.538235,0.223388,0.680087,2.261206,1.007752,0.741869,0.277392,0.277392,0.930714,22.934888,-0.768019
447,1.400384,1.439006,0.401861,0.468816,-0.214007,-1.160176,-1.738355,-1.616904,-1.616904,-1.281663,23.950058,11.712985
448,-1.117065,-1.207009,-1.382866,-0.869237,-0.672380,-0.594630,0.672974,0.087962,0.087962,0.930714,4.974379,-0.178078
449,2.315819,0.707129,0.401861,0.187120,-0.305682,-1.442949,-0.980509,-0.859186,-0.859186,-1.341457,24.085019,15.788100
450,-0.945421,-0.475132,-0.431012,-1.996019,-0.672380,0.253690,1.706401,1.287683,1.287683,1.110095,15.216160,-0.479055
451,0.599377,0.594533,0.223388,1.243478,1.344460,-0.029083,-0.291557,-1.301188,-1.301188,-0.743517,23.672129,4.155016
452,-0.544917,0.594533,1.115751,1.384326,2.352881,-1.254434,-0.567138,-0.164611,-0.164611,-0.444547,23.533827,1.607511
453,0.313304,0.256744,0.937279,-0.305847,0.336040,0.724979,-0.015977,-0.417184,-0.417184,-0.324959,23.567560,2.247328
454,0.656592,0.087849,0.818297,0.680087,1.711159,0.819237,0.672974,-0.038324,-0.038324,-0.863105,23.491270,0.600694
455,1.858102,1.270111,0.223388,0.257544,-0.489031,-1.442949,-1.462774,-1.301188,-1.301188,-1.102281,24.110766,16.471511
456,-0.430488,-0.644027,-0.371521,-0.024151,-0.122333,0.819237,0.535184,1.224540,1.224540,0.631744,18.427155,-0.605698
457,0.427733,0.031551,0.937279,0.398392,1.436135,0.724979,-0.704928,-0.354040,-0.354040,-0.743517,23.494574,0.803235
458,0.599377,0.481937,1.056260,1.313902,0.886087,-0.123341,-0.980509,-1.680048,-1.680048,-1.102281,23.685911,4.526727
459,0.656592,1.101217,1.294224,0.891359,-0.397357,-2.102753,-1.462774,-1.364332,-1.364332,-1.221869,23.889569,10.039547
460,-0.888206,-1.094412,-0.966430,-1.010085,-0.764055,0.630721,0.741869,1.413969,1.413969,1.409065,9.286285,-0.337629
461,1.285954,1.833093,0.461352,-0.024151,-0.855729,-0.877403,-1.256089,-1.490618,-1.490618,-0.863105,24.000504,13.544568
462,0.542163,0.538235,0.163897,0.468816,1.344460,0.819237,-0.429348,-0.669756,-0.669756,-0.025990,23.605086,2.918335
463,-0.430488,-0.587729,-0.431012,-0.376270,-0.305682,0.724979,0.810764,1.161396,1.161396,0.272980,18.530018,-0.620652
464,-1.345924,-1.038114,-1.799302,-1.010085,-1.039079,-0.217599,0.604079,0.845680,0.845680,1.409065,5.029007,-0.178683
465,-1.403138,-1.432201,-1.204393,-1.080509,-0.580706,-0.217599,0.397394,0.593108,0.593108,1.050302,4.574294,-0.179632
466,0.828236,1.270111,1.770151,1.313902,-0.030658,-1.254434,-0.842718,-1.238045,-1.238045,-1.341457,23.830039,8.463848
467,0.828236,0.425639,0.877788,1.736445,0.702738,0.159432,-1.807250,-0.922329,-0.922329,-1.042487,23.729263,5.466717
468,-1.231494,-1.094412,-1.323375,-1.291781,-0.672380,-0.311856,0.672974,0.151105,0.151105,1.708035,4.459995,-0.145394
469,-0.373273,-0.587729,-1.263884,-0.305847,-0.397357,1.007752,1.706401,1.287683,1.287683,0.392568,17.577898,-0.559236
470,1.285954,1.833093,0.877788,0.257544,-0.397357,-0.500372,-0.842718,-1.238045,-1.238045,-1.221869,24.017206,13.750965
471,-1.174280,-0.981816,-1.323375,-0.939661,-0.672380,-0.217599,0.672974,1.035110,1.035110,1.588447,6.450730,-0.235543
472,0.713807,0.594533,0.877788,0.750511,1.802833,0.347948,0.328499,0.087962,0.087962,-1.042487,23.516838,1.317548
473,-0.945421,-0.700325,-0.431012,-1.291781,0.427715,0.724979,0.466289,0.529964,0.529964,0.870920,16.087229,-0.504779
474,0.256089,0.538235,0.996769,0.257544,1.986182,1.384783,0.879659,0.277392,0.277392,-0.025990,21.532567,-0.733621
475,1.400384,0.707129,0.223388,-0.376270,-0.397357,-1.065918,-1.118299,-1.111759,-1.111759,-1.281663,24.125488,16.952493
476,-1.231494,-1.094412,-1.323375,-0.587542,-0.122333,0.630721,1.430820,0.908824,0.908824,1.289477,14.909939,-0.464814
477,0.484948,0.481937,0.520842,1.102630,0.336040,1.573298,0.328499,0.151105,0.151105,0.571950,22.582758,-0.839652
478,0.484948,0.425639,1.056260,1.454750,0.886087,-0.123341,-1.324984,-0.796043,-0.796043,-0.863105,23.678377,4.537388
479,0.828236,1.326409,1.234733,0.468816,-1.039079,-1.725722,-0.980509,-0.732900,-0.732900,-1.341457,23.908751,10.831436
480,0.141659,0.200446,0.758806,0.820935,1.527809,0.347948,0.259603,-0.101468,-0.101468,-0.504341,23.460761,0.117530
481,-0.945421,-1.094412,-0.966430,-0.446694,-0.122333,0.065175,0.535184,1.603399,1.603399,0.751332,12.154394,-0.392862
482,-0.945421,-0.981816,-1.085412,-1.291781,-0.397357,-0.783145,0.259603,1.161396,1.161396,0.870920,12.352443,-0.396861
483,-1.345924,-1.038114,-1.620829,-1.010085,-1.314102,-0.029083,0.397394,0.214248,0.214248,0.571950,4.105033,-0.151159
484,0.885451,0.819726,1.472697,1.173054,-1.130753,-0.217599,-1.049404,-1.427475,-1.427475,-1.221869,23.855910,9.049563
485,-1.231494,-0.700325,-1.799302,-1.362204,-0.855729,0.253690,0.604079,0.908824,0.908824,1.409065,3.836947,-0.146341
486,-1.288709,-1.038114,-0.966430,-1.291781,-0.397357,0.253690,1.293030,1.540256,1.540256,0.990508,14.332681,-0.452843
487,0.542163,0.200446,0.699315,0.468816,2.077857,1.007752,-0.084872,-0.038324,-0.038324,-0.444547,23.443915,0.108007
488,0.599377,1.157515,1.353715,1.595597,-0.397357,-0.971661,-0.773823,-1.680048,-1.680048,-0.982693,23.775873,6.604846
489,0.713807,0.876024,1.056260,1.525173,0.336040,-0.217599,-0.567138,-0.669756,-0.669756,-1.341457,23.634999,3.570914
490,0.084445,0.707129,0.877788,0.820935,1.619484,1.573298,0.466289,0.151105,0.151105,0.272980,23.284421,-0.609443
491,-0.487703,-0.812921,-0.490503,-0.305847,-0.947404,1.007752,1.706401,1.287683,1.287683,0.631744,17.050871,-0.545543
492,1.343169,1.495304,-0.133557,-0.587542,-0.305682,-0.406114,-1.049404,-1.301188,-1.301188,-1.102281,24.019158,13.631086
493,2.086960,0.988620,0.223388,-0.094575,0.061016,-1.537207,-1.049404,-0.922329,-0.922329,-1.461045,24.095725,15.986541
494,0.141659,0.538235,-0.133557,-0.164999,1.252786,0.724979,-1.118299,-0.732900,-0.732900,-0.205372,23.545479,1.994987
495,-0.773776,-0.869219,-1.085412,-1.150933,-0.672380,0.159432,0.604079,0.782537,0.782537,1.169889,10.111851,-0.344297
496,-0.373273,-0.869219,-0.193048,-1.150933,0.427715,0.442206,1.499716,0.845680,0.845680,1.050302,17.381016,-0.564113
497,1.400384,1.382708,-0.014576,0.257544,-0.305682,-0.688887,-1.049404,-1.616904,-1.616904,-1.281663,24.033111,13.892107
498,1.285954,1.495304,1.056260,0.609663,-0.030658,-0.594630,-1.393879,-1.238045,-1.238045,-1.221869,23.910961,10.445997
499,0.256089,0.481937,0.877788,1.736445,0.519389,-0.594630,-0.773823,-0.859186,-0.859186,-1.162075,23.723943,4.972256
500,-0.945421,-1.207009,-0.847448,-1.080509,-0.397357,1.667556,1.706401,1.287683,1.287683,-0.085784,16.586469,-0.522420
501,1.972531,0.256744,0.461352,0.468816,-1.405777,-0.971661,-1.669460,-1.616904,-1.616904,-1.162075,24.128789,16.972028
502,-1.117065,-1.150710,-0.847448,-1.010085,0.061016,0.253690,0.328499,1.161396,1.161396,0.691538,11.758894,-0.390641
503,-0.544917,-0.475132,-0.787957,-0.657966,-0.397357,0.724979,1.361925,1.035110,1.035110,0.332774,16.460952,-0.512651
504,0.484948,0.707129,0.461352,1.595597,1.619484,-0.029083,-0.291557,-0.796043,-0.796043,-0.803311,23.596931,2.866843
505,-1.231494,-1.432201,-0.906939,-1.080509,-1.589126,0.159432,0.604079,0.908824,0.908824,1.528653,3.815521,-0.131938
506,0.713807,1.439006,1.234733,0.539240,-0.214007,-0.311856,-0.980509,-1.111759,-1.111759,-1.102281,23.877752,9.516518
507,-0.430488,-0.587729,0.044915,0.187120,0.794413,2.138845,0.741869,-0.038324,-0.038324,0.512156,19.955939,-0.674994
508,-0.830991,-0.137343,-0.074066,-0.235423,0.611064,1.007752,1.430820,0.466821,0.466821,0.392568,19.993423,-0.660250